{
  "GET_Registro" : {
    "transaction" : "GET_Registro",
    "sampleCount" : 500,
    "errorCount" : 0,
    "errorPct" : 0.0,
    "meanResTime" : 4659.185999999996,
    "medianResTime" : 4610.5,
    "minResTime" : 1417.0,
    "maxResTime" : 10283.0,
    "pct1ResTime" : 7047.700000000001,
    "pct2ResTime" : 7532.7,
    "pct3ResTime" : 8370.400000000001,
    "throughput" : 47.33951903048665,
    "receivedKBytesPerSec" : 2482.874559150729,
    "sentKBytesPerSec" : 7.859099839045636
  },
  "Total" : {
    "transaction" : "Total",
    "sampleCount" : 1500,
    "errorCount" : 19,
    "errorPct" : 1.2666667,
    "meanResTime" : 1945.0226666666676,
    "medianResTime" : 701.0,
    "minResTime" : 0.0,
    "maxResTime" : 10283.0,
    "pct1ResTime" : 5902.300000000003,
    "pct2ResTime" : 6739.300000000001,
    "pct3ResTime" : 7715.76,
    "throughput" : 134.36044428520245,
    "receivedKBytesPerSec" : 6228.672466325914,
    "sentKBytesPerSec" : 132.26359909642602
  },
  "GET_Convocatoria" : {
    "transaction" : "GET_Convocatoria",
    "sampleCount" : 500,
    "errorCount" : 3,
    "errorPct" : 0.6,
    "meanResTime" : 626.5139999999999,
    "medianResTime" : 492.0,
    "minResTime" : 1.0,
    "maxResTime" : 3793.0,
    "pct1ResTime" : 1275.7000000000005,
    "pct2ResTime" : 1444.9,
    "pct3ResTime" : 2217.080000000001,
    "throughput" : 57.863673185973845,
    "receivedKBytesPerSec" : 2077.9352478373453,
    "sentKBytesPerSec" : 12.413227093218378
  },
  "POST_Registro" : {
    "transaction" : "POST_Registro",
    "sampleCount" : 500,
    "errorCount" : 16,
    "errorPct" : 3.2,
    "meanResTime" : 549.368,
    "medianResTime" : 402.5,
    "minResTime" : 0.0,
    "maxResTime" : 8173.0,
    "pct1ResTime" : 1148.9,
    "pct2ResTime" : 1669.9499999999994,
    "pct3ResTime" : 2938.120000000001,
    "throughput" : 55.6235398820781,
    "receivedKBytesPerSec" : 2820.930008204472,
    "sentKBytesPerSec" : 143.0993784069418
  }
}